style,role,occasion,description
bohemian,"a small-framed, delicate woman",a work / office event,"The delicate, petite woman can pull off a bohemian look with ease. Start with a simple, neutral-colored dress
or blouse, paired with a statement necklace or scarf. A maxi skirt or flowy pants can add volume and movement.
For shoes, opt for comfortable flats or block-heel sandals. A boho-style bag or a crossbody bag can complete
the look. Accessories like a headband, a scarf, or a belt can add a touch of bohemian flair. The key is to
keep the look effortless and natural, with loose waves or a braid for hair."
bohemian,"a short, curvy man with a muscular build",a casual date,"The fashion outfit for a curvy man with a muscular build at a casual date can include a bohemian-style shirt
in earthy tones, paired with a pair of slim-fit jeans. The shirt can be tucked in to highlight the man's
muscular build. A leather belt can complete the look, along with a pair of brown leather shoes. For a more
casual look, a leather jacket can be added over the shirt. The jacket can be left open to showcase the man's
muscular build. The outfit can be accessorized with a leather watch and a leather bracelet."
classic,"a small-framed, delicate woman",a play / concert,"The delicate woman in the classic fashion outfit looks stunning. The tailored blazer in a rich, deep red color
complements the feminine floral dress. The dress features a delicate lace collar and intricate details on the
bodice. The woman accessorizes with a small pearl necklace and a classic handbag in a complementary shade. The
ensemble is completed with classic pumps in a matching deep red hue."
classic,"a short, curvy man with a muscular build",a work / office event,"The gentleman stands tall and confident in his classic, tailored attire. His well-fitted, dark-blue suit is
paired with a crisp white shirt, a black tie, and polished black dress shoes. The ensemble is completed with a
leather briefcase in hand, adding a touch of elegance to the overall look. The man's muscular build is
accentuated by the fit of the tailored suit, while his strong facial features are highlighted by a neatly
trimmed beard. The outfit is perfect for a professional setting, such as a work event, and will make the
gentleman stand out in a crowd."
gothic,"a small-framed, delicate woman",a beach,"The delicate woman stands at the beach, her small frame adorned with intricate gothic details. Her dark hair
is styled in loose waves, framing her heart-shaped face. A black velvet dress with intricate lace detailing is
paired with a long black cloak, its edges trimmed with intricate silver embroidery. The cloak is fastened with
a large silver clasp at the neck, adding to the gothic aesthetic. The woman's delicate features are
accentuated by the dark makeup and gothic jewelry, including a silver necklace with a pendant in the shape of
a skull. The ensemble is completed with black ankle boots, adding to the overall gothic vibe."
gothic,"a short, curvy man with a muscular build",a business lunch,"The gentleman dons a black tailored suit with a crisp white shirt and a deep red tie. The suit is adorned with
intricate silver buttons and a black leather belt. The man's muscular build is accentuated by a pair of black
leather dress shoes. The gentleman accessorizes his outfit with a black leather briefcase and a silver cuff
bracelet. The ensemble is completed with a black fedora, a pair of black sunglasses, and a black leather
briefcase."
sporty,"a small-framed, delicate woman",a beach,"The delicate woman stands tall at the beach, wearing a white and red striped top with a pair of black shorts.
The top is tucked in, revealing a pair of white sneakers. The woman accessorizes with a red and white striped
headband, completing the look with a red and white striped scarf. The woman's delicate features are
accentuated by the sporty style, making her the perfect beach companion."
sporty,"a short, curvy man with a muscular build",a play / concert,"The fashion outfit should be comfortable and stylish. The man should wear a pair of black or dark blue jeans,
a white or light gray t-shirt, and a black or dark blue blazer. The blazer should have a slim fit and be
tailored to fit the man's muscular build. The t-shirt should be tucked in and the jeans should be worn with a
belt. The blazer can be left open to show off the man's muscular build. The outfit should also include a pair
of black or dark blue sneakers. The sneakers should be stylish and comfortable, and should match the rest of
the outfit. The man should also accessorize with a watch or a bracelet. The outfit should be completed with a
black or dark blue baseball cap."
casual,"a small-framed, delicate woman",a halloween party,"The delicate woman in the image is wearing a black, long-sleeved dress with a white collar and matching belt.
The dress is paired with a pair of black tights and black ankle boots. She accessorizes with a simple necklace
and a black scarf. Her hair is styled in a loose, shoulder-length cut. The overall look is a perfect mix of
casual and chic, making her the perfect costume choice for a Halloween party."
casual,"a short, curvy man with a muscular build",a gala / exhibition opening,"The fashion-forward gentleman stands tall and confident in his tailored black suit, which is paired with a
crisp white shirt and a classic red tie. The ensemble is completed with a pair of black dress shoes, elevating
the look with a touch of elegance. The man's muscular build is accentuated by the fit of the tailored suit,
while his muscular arms are highlighted by the sleeves that end just above the elbow. The man's accessories
are kept minimal, with a simple silver watch and a classic black leather belt. The overall look is a perfect
mix of casual and formal styles, making the gentleman stand out in a crowd."
bohemian,"a small-framed, delicate woman",a bar,"The delicate woman sips her drink, her long hair cascading down her back. She wears a bohemian-style dress,
adorned with intricate patterns and earthy tones. The dress flows gently, emphasizing her small frame. The
neckline is embellished with a delicate lace collar. She accessorizes with a few simple pieces, including a
delicate necklace and a small bracelet. The woman's delicate features are accentuated by the bohemian style,
making her look both timeless and modern."
bohemian,"a short, curvy man with a muscular build",a sports event,"The fashion-forward man stands out in a crowd with a bohemian-inspired ensemble. A pair of vintage-style,
wide-leg trousers in earthy tones, such as brown or olive green, paired with a crisp white shirt, is a classic
choice. A patterned, bohemian-style scarf, worn casually around the neck, adds a touch of color and
personality. A leather jacket, in a rich, earthy hue, completes the look. The man's muscular build is
accentuated by the addition of a leather belt, which cinches the waist and pulls the outfit together. The
outfit is perfect for a day at a sports event, where the man can show off his unique style while still
remaining comfortable and confident."
classic,"a small-framed, delicate woman",a cruise,"The fashion outfit consists of a tailored black blazer with a single button, paired with a crisp white blouse,
high-waisted black trousers, and black leather loafers. The ensemble is completed with a classic red scarf and
a black handbag."
classic,"a short, curvy man with a muscular build",a national parks,"The fashion outfit consists of a classic, tailored blazer in a rich, earthy color, paired with a crisp white
shirt and a pair of slim-fit, dark-wash jeans. The blazer features a single button and a pair of slanted side
pockets. The shirt has a subtle check pattern and a classic collar. The jeans are a modern fit, with a high
waist and tapering to the ankle. The outfit is completed with a pair of classic leather dress shoes."
gothic,"a small-framed, delicate woman",a wedding,"The delicate woman in the photo is wearing a dark, intricately designed dress with long sleeves and a high
neckline. The dress is adorned with intricate lace details and a deep V-neck. The woman's hair is styled in an
elegant updo, held in place with a black headband. She is wearing a pair of black ankle boots with a block
heel, and a black choker necklace. The overall look is gothic and elegant, perfect for a wedding."
gothic,"a short, curvy man with a muscular build",a fancy date,"The man is dressed in a dark, tailored suit with a high collar and long sleeves. The suit is made of a fine,
black wool blend and is adorned with intricate silver buttons. The man's hair is styled in a neat, short crop
that frames his angular face. His muscular build is accentuated by the fit of the suit, which hugs his body
tightly. The man's accessories include a silver necklace with a pendant that glimmers in the light, as well as
a pair of silver cufflinks. The man's shoes are polished black leather, with a thick sole and a classic
pointed toe. The outfit is completed with a black silk scarf, knotted at the neck, which adds a touch of
elegance to the ensemble."
sporty,"a small-framed, delicate woman",a concert,"The delicate woman in the photo is wearing a black and white striped top with a pair of black skinny jeans.
She has a white sports bra underneath, and a black and white striped scarf tied around her neck. The woman is
also wearing a pair of black and white sneakers, which match the striped top. The outfit is completed with a
black and white striped beanie, which matches the scarf. The woman's hair is styled in a messy bun, which
complements the sporty look. The overall vibe of the outfit is chic and sporty, making it perfect for a
concert."
sporty,"a short, curvy man with a muscular build",a play / concert,"The fashion outfit should be comfortable and stylish. The man should wear a pair of black or dark blue jeans,
a white or light gray t-shirt, and a black or dark blue blazer. The blazer should have a slim fit and be
tailored to fit the man's muscular build. The t-shirt should be tucked in and the jeans should be worn with a
belt. The blazer can be left open to show off the man's muscular build. The outfit should also include a pair
of black or dark blue sneakers. The sneakers should be stylish and comfortable, and should match the rest of
the outfit. The man should also accessorize with a watch or a bracelet. The outfit should be completed with a
black or dark blue baseball cap."
casual,"a small-framed, delicate woman",a camping / hiking,"The delicate woman hikes through the woods in a casual yet stylish outfit. She wears a light-blue, button-up
shirt with a white collar, paired with a pair of dark-wash skinny jeans. The jeans are tucked into her black
ankle boots, which are adorned with a subtle gold chain. A cozy, cream-colored sweater completes the look, and
a small backpack adds a touch of practicality. The woman accessorizes with a delicate gold necklace and a
simple watch. Her hair is styled in a loose, beachy wave, and she carries a small, leather crossbody bag. The
overall look is both feminine and functional, perfect for a day spent outdoors."
casual,"a short, curvy man with a muscular build",a music festival,"The fashion-conscious short, curvy man with a muscular build can look stylish and comfortable in a casual
outfit at a music festival. Start with a pair of dark-wash jeans and a simple white t-shirt. Then add a
leather jacket in a complementary color, like black or brown. Layer with a graphic tee or a button-up shirt.
For footwear, go with a pair of sneakers or loafers. Accessories can include a watch, a bracelet, or a beanie.
Don't forget to accessorize with a stylish backpack or a belt. The key is to keep it simple and casual, but
still put together a great look."
bohemian,"a small-framed, delicate woman",a camping / hiking,"The delicate, small-framed woman can pull off a bohemian look with ease. Start with a comfortable, flowy dress
in a neutral color, such as a light blue or green. Pair it with a wide-brimmed hat and a pair of vintage-style
sunglasses. A woven bag or backpack in earthy tones, such as brown or beige, will complete the look. For a
more formal occasion, add a blouse and a pair of high-waisted trousers. Don't forget to accessorize with
delicate jewelry, such as a pendant necklace or a bracelet. Finally, don't forget to wear comfortable,
supportive shoes, such as sandals or flats."
bohemian,"a short, curvy man with a muscular build",a national parks,"The bohemian style is a perfect fit for a man with a muscular build and a short stature. The outfit should
consist of comfortable, loose-fitting clothing that is easy to move in. A pair of high-waisted, wide-leg pants
would be a great choice. A long, flowy shirt or a button-up shirt with a relaxed fit would complete the look.
For footwear, a pair of sturdy, comfortable boots or sandals would be ideal. Accessories such as a scarf, a
hat, or a watch can add a touch of bohemian flair. The colors should be earthy and neutral, such as brown,
green, and blue. The outfit should be accessorized with items that reflect the natural environment, such as a
leather belt or a woven bracelet."
classic,"a small-framed, delicate woman",a concert,"The delicate woman in the classic outfit looks like a timeless beauty. The tailored black dress with a white
collar and delicate lace details is a classic piece that is always in style. The dress is paired with a pair
of black heels, which elongate her frame and add a touch of elegance to the ensemble. The delicate lace
details on the dress and the white collar add a feminine touch to the outfit. The woman's hair is styled in a
classic updo, which complements the classic look. The outfit is completed with a small pearl necklace and a
delicate bracelet. The woman's delicate features are enhanced by the classic makeup, which includes a subtle
winged eyeliner and a neutral palette for the lips. Overall, the woman's classic outfit is a timeless beauty
that exudes elegance and sophistication."
classic,"a short, curvy man with a muscular build",a work / office event,"The gentleman stands tall and confident in his classic, tailored attire. His well-fitted, dark-blue suit is
paired with a crisp white shirt, a black tie, and polished black dress shoes. The ensemble is completed with a
leather briefcase in hand, adding a touch of elegance to the overall look. The man's muscular build is
accentuated by the fit of the tailored suit, while his strong facial features are highlighted by a neatly
trimmed beard. The outfit is perfect for a professional setting, such as a work event, and will make the
gentleman stand out in a crowd."
gothic,"a small-framed, delicate woman",a cocktail party,"The delicate woman in the gothic outfit stands out at the cocktail party. Her dark, intricately designed dress
is adorned with intricate lace details, and her long, dark hair is styled in an elaborate updo. The woman's
makeup is kept minimal, with a subtle hint of eyeliner and a bold red lip. She accessorizes with a pair of
silver earrings and a delicate necklace, and her small frame is accentuated by the high heels she wears. The
overall look is both elegant and mysterious, drawing attention to the woman's unique style."
gothic,"a short, curvy man with a muscular build",a casual date,"The man stands tall and proud, his muscular build accentuated by his dark, form-fitting attire. His long, dark
hair is styled in a classic undercut, framing his angular face. The man's attire consists of a black, tailored
suit with intricate details, such as silver buttons and a satin lapel. The suit is paired with black leather
dress shoes, completing the look. The man's accessories include a black leather belt and a silver necklace.
The man's outfit is a perfect mix of gothic and modern fashion, making him the perfect date for any casual
occasion."
sporty,"a small-framed, delicate woman",a casual gathering,"The fashionista in question is a petite woman with delicate features. She's wearing a white blouse tucked into
a pair of high-waisted black trousers, which are paired with a pair of black ankle boots. The ensemble is
completed with a black blazer, which is tailored to fit her frame. The woman accessorizes with a pair of
silver hoop earrings and a delicate gold necklace. The outfit is perfect for a casual gathering with friends."
sporty,"a short, curvy man with a muscular build",a beach,"The fashion outfit consists of a white and red striped shirt, paired with a pair of black shorts. The shirt
features a red and white striped collar, and the shorts have a red and white striped elasticated waistband.
The outfit is completed with a pair of black and white striped running shoes."
casual,"a small-framed, delicate woman",a play / concert,"The delicate woman in the photo is wearing a light blue, oversized, button-up shirt with a pair of black
skinny jeans. She accessorizes with a simple necklace and a pair of black ankle boots. The outfit is completed
with a black leather jacket and a black scarf knotted around her neck. The casual style is perfect for a day
at the park or a play, and the oversized shirt and skinny jeans will keep her comfortable and chic."
casual,"a short, curvy man with a muscular build",a nature retreat,"The fashion outfit for a curvy man with a muscular build at a nature retreat can be a combination of a
comfortable and stylish look. The man can opt for a light, neutral color palette, such as beige, gray, or
khaki. A classic, well-tailored fit is important, but not too tight. For a more casual look, a relaxed fit is
fine. A versatile pair of sneakers or loafers would complete the look. A light, breathable fabric like linen
or cotton is ideal for a nature retreat. A simple, yet stylish accessory like a leather watch or a classic
metal belt buckle can add a touch of elegance to the outfit. The man can also choose a comfortable, breathable
fabric like linen or cotton for a more casual look. A classic, well-tailored fit is important, but not too
tight. A pair of sneakers or loafers would complete the look. A light, breathable fabric like linen or cotton
is ideal for a nature retreat. A simple, yet stylish accessories like a leather watch or a classic metal belt
buckle can add a touch of elegance to the outfit."
bohemian,"a small-framed, delicate woman",a camping / hiking,"The delicate, small-framed woman can pull off a bohemian look with ease. Start with a comfortable, flowy dress
in a neutral color, such as a light blue or green. Pair it with a wide-brimmed hat and a pair of vintage-style
sunglasses. A woven bag or backpack in earthy tones, such as brown or beige, will complete the look. For a
more formal occasion, add a blouse and a pair of high-waisted trousers. Don't forget to accessorize with
delicate jewelry, such as a pendant necklace or a bracelet. Finally, don't forget to wear comfortable,
supportive shoes, such as sandals or flats."
bohemian,"a short, curvy man with a muscular build",a halloween party,"The fashion-forward man stands out in a crowd with a bohemian-inspired ensemble. His short, muscular build is
accentuated by a pair of vintage-style, high-waisted trousers in earthy tones. A patterned, long-sleeved shirt
in earthy tones completes the look, while a leather jacket adds a layer of sophistication. The man
accessorizes with a leather belt and a vintage watch, completing the look with a pair of brown leather boots."
classic,"a small-framed, delicate woman",a picnic,"The delicate woman in the photo is wearing a classic, feminine ensemble that exudes elegance and grace. The
pastel floral dress features a delicate lace collar and intricate details on the bodice. The dress is paired
with a white, wide-brimmed hat that accentuates her delicate features. The woman is sitting on a blanket,
enjoying the sunshine and the fresh air at a picnic. Her delicate features are highlighted by the soft,
natural light that filters through the trees. The overall look is one of timeless elegance and femininity."
classic,"a short, curvy man with a muscular build",a bar,"The gentleman walks into the bar, dressed in a classic style. His attire consists of a tailored black blazer,
a crisp white shirt, and a pair of slim-fit black trousers. The blazer is adorned with a pair of silver
buttons, while the shirt features a subtle check pattern. The trousers are fitted to his muscular frame, with
a pair of black leather dress shoes completing the look. The gentleman's hair is styled neatly, and he sports
a classic side part. His accessories consist of a silver watch and a black leather belt. The overall look
exudes confidence and elegance, making him the perfect gentleman for any occasion."
gothic,"a small-framed, delicate woman",a winter vacation,"The delicate, small-framed woman can pull off a gothic fashion look with ease. Start with a base of black or
dark purple, and layer with intricate details like lace, chains, and studs. A velvet or leather jacket will
add an extra layer of warmth. For a touch of color, incorporate a pop of red or green into the mix. Don't
forget to accessorize with gothic-style jewelry like chains, skulls, and crosses. And finally, complete the
look with a pair of knee-high boots or ankle boots."
gothic,"a short, curvy man with a muscular build",a conference,"The fashion outfit consists of a black, long-sleeve, Victorian-style shirt with intricate lace detailing,
paired with a dark, tailored, high-waisted trousers. The trousers are accompanied by a pair of black leather
dress shoes with thick, round laces. The outfit is completed with a black, tailored waistcoat, adorned with
intricate lace detailing, and a black, top hat with a matching ribbon. The overall look is a mix of classic
gothic elements, such as the Victorian collar and lace, with modern tailoring and contemporary styling."
sporty,"a small-framed, delicate woman",a bar,"The delicate woman in the bar sports a sporty yet feminine look. She wears a white blouse tucked into a pair
of high-waisted black trousers, which are completed with a pair of black ankle boots. The ensemble is
accessorized with a black leather belt and a gold necklace. The woman's hair is styled in a neat bob, while
her makeup is kept minimal, featuring a subtle pink lip and neutral eyeshadow."
sporty,"a short, curvy man with a muscular build",a fancy date,"The fashion outfit consists of a black, slim-fit, long-sleeve, collared shirt paired with a pair of black,
slim-fit, high-waisted trousers. The shirt features a white, vertical stripe running down the center, while
the trousers have a red, vertical stripe running down the side. The outfit is completed with a pair of black,
low-top, running shoes."
casual,"a small-framed, delicate woman",a fancy date,"The delicate woman in the photo is wearing a light blue, semi-formal dress with a subtle pattern. The dress is
paired with a pair of black heels, which elongate her frame. The dress is cinched at the waist with a belt,
giving her an hourglass shape. The woman's hair is styled in loose waves, framing her face. She accessorizes
with a delicate necklace and a small, gold bracelet. The overall look is chic and feminine, perfect for a date
night."
casual,"a short, curvy man with a muscular build",a sports event,"The fashion outfit consists of a black, slim-fit, long-sleeve t-shirt, paired with a pair of dark-wash,
straight-leg jeans. The t-shirt features a graphic of a basketball hoop, while the jeans have a subtle,
monochrome check pattern. The outfit is completed with a pair of black sneakers."
bohemian,"a small-framed, delicate woman",a cocktail party,"The delicate woman in the bohemian outfit looks effortlessly chic and stylish. The ensemble consists of a
vintage-style, floral-print dress paired with a cream-colored, tailored blazer. The dress features a tie-neck
detail and a flared hem, while the blazer has a single button and subtle lapels. To complete the look, she
wears a pair of round-toed, block-heel pumps in a neutral color. The outfit is perfect for a cocktail party or
any other formal event."
bohemian,"a short, curvy man with a muscular build",a play / concert,"The bohemian fashion style is a perfect choice for a short, curvy man with a muscular build. The key pieces to
look for include a boho-style shirt, a pair of high-waisted, wide-leg trousers, and a comfortable pair of
boots. For a more formal look, try pairing a tailored blazer with a dress shirt and slim-fit trousers. Don't
forget to accessorize with a few statement pieces like a leather belt, a watch, or a stylish scarf. The outfit
can be completed with a leather backpack or a crossbody bag for hands-free convenience."
classic,"a small-framed, delicate woman",a gala / exhibition opening,"The delicate woman in the classic fashion outfit looks stunning at the opening of a fashion exhibition. The
ensemble consists of a tailored black dress with intricate lace detailing, paired with a delicate pearl
necklace and matching earrings. The dress is cinched at the waist with a black belt, accentuating the woman's
small frame. The ensemble is completed with black heels, adding to the elegance of the outfit."
classic,"a short, curvy man with a muscular build",a semi-casual event,"The gentleman should opt for a classic, timeless look that will make him stand out in a crowd. A tailored,
slim-fit suit in a neutral color, such as black or navy, paired with a crisp white shirt and a solid tie,
would be a great choice. The gentleman should also consider a pair of classic leather dress shoes, such as
loafers or oxfords, to complete the look. For a more casual event, a pair of slim-fit chinos and a comfortable
pair of sneakers would be a great choice."
gothic,"a small-framed, delicate woman",a night club,"The delicate woman in the gothic outfit stands out in the crowded night club. Her dark, intricately braided
hair frames her face, while her long, flowing black dress with intricate lace detailing accentuates her small
frame. The pointed ears and dark makeup complete the look, giving her an air of mystery and elegance. The
intricate lace detailing on her dress adds a touch of elegance to the otherwise dark and daring outfit. The
gothic style is a perfect choice for a night out with friends or a special event."
gothic,"a short, curvy man with a muscular build",a wedding,"The man stands tall and proud in his gothic attire, his dark hair styled in a neat, short cut. His attire
consists of a black tailored suit, adorned with intricate silver embroidery on the lapels and cuffs. The suit
is paired with a crisp white shirt, and a black tie. The man's muscular build is accentuated by the fit of the
suit, which hugs his frame. The outfit is completed with black leather dress shoes, and a black leather belt.
The man's attire is a perfect mix of gothic and modern fashion, making him the perfect gentleman for the
occasion."
sporty,"a small-framed, delicate woman",a birthday party,"The delicate woman in the photo is wearing a sporty outfit that is perfect for a birthday celebration. The
ensemble consists of a white, collared shirt with a subtle pattern, paired with a pair of black, high-waisted
trousers. The trousers are completed with a pair of black, low-top sneakers. The woman's hair is styled in a
neat, shoulder-length cut, which complements the sporty look. The outfit is completed with a black, leather
handbag, which adds a touch of elegance to the sporty style."
sporty,"a short, curvy man with a muscular build",a bachelorette / bachelor party,"The fashion-forward gentleman in a sporty outfit for a bachelorette or bachelor party. The ensemble consists
of a white tee, black track pants, and a pair of black sneakers. The track pants feature a red and white
checkered pattern, while the sneakers have a modern design with a thick sole. The look is completed with a
black baseball cap, a black windbreaker, and a black backpack."
casual,"a small-framed, delicate woman",a graduation,"The delicate woman in the photo is wearing a light blue, collared shirt with a pair of black skinny jeans. The
shirt is tucked in, revealing a bit of her waist. The jeans are snug but not too tight, emphasizing her small
frame. She accessorizes with a simple necklace and a pair of black ankle boots. The overall look is chic and
effortless, perfect for a casual graduation event."
casual,"a short, curvy man with a muscular build",a graduation,"The fashion outfit should be casual and stylish. The man should wear a comfortable, well-fitted shirt in a
solid color, paired with slim-fit jeans and leather shoes. The shirt should have a collar and be tucked in to
show off the man's muscular build. The jeans should be dark wash and have a slim fit. The shoes should be
leather, preferably in a classic brown or black color. Accessories should include a watch and a bracelet. The
outfit should be completed with a stylish, yet simple jacket or blazer. The jacket should be tailored to fit
the man's body and have a lapel collar. The outfit should be kept minimal and simple, with no distracting
patterns or loud colors."
bohemian,"a small-framed, delicate woman",a nature retreat,"The fashion outfit for a delicate woman at a nature retreat. The outfit consists of a bohemian-style dress in
earthy tones, a long-sleeved cardigan, and a pair of comfortable, flat-heeled boots. The dress features a
delicate floral pattern, a deep V-neck, and a tie-back feature. The cardigan is knitted from soft, earthy yarn
and has a wide collar to keep the neck warm. The boots are made from soft leather and have a low block heels.
The outfit is completed with a scarf tied around the neck, a beanie, and a pair of round earrings. The outfit
is perfect for a nature retreat, as the earthy tones and comfortable, practical pieces."
bohemian,"a short, curvy man with a muscular build",a camping / hiking,"The fashion outfit for a curvy man with a muscular build at a camping or hiking trip can be a combination of
bohemian and casual styles. The man can wear a comfortable, light-colored shirt paired with a pair of dark-
wash jeans. A bohemian-style, woven leather belt can be added to complete the look. For a more casual look, a
graphic tee or a plaid button-up shirt can be worn. A pair of hiking boots or sneakers would be appropriate
for the occasion. A wide-brimmed hat or a beanie can add a touch of bohemian flair. The man can also
accessorize with a few simple pieces like a watch or a bracelet. The overall look should be comfortable and
functional for a day of hiking or exploring nature."
classic,"a small-framed, delicate woman",a wedding,"The delicate woman in the photo is wearing a classic, feminine outfit that is perfect for a wedding. The dress
features a delicate lace bodice with a sweetheart neckline, paired with a pleated skirt that falls just above
the knee. The dress is completed with a pair of classic heels and a small, tasteful fascinator. The woman's
hair is styled in a loose, elegant updo that frames her face and adds to the overall feminine charm of the
outfit. The outfit is completed with a small, tasteful handbag and subtle jewellery. The woman's delicate
features are accentuated by the classic, feminine style of the outfit, making her the perfect choice for a
wedding guest."
classic,"a short, curvy man with a muscular build",a semi-casual event,"The gentleman should opt for a classic, timeless look that will make him stand out in a crowd. A tailored,
slim-fit suit in a neutral color, such as black or navy, paired with a crisp white shirt and a solid tie,
would be a great choice. The gentleman should also consider a pair of classic leather dress shoes, such as
loafers or oxfords, to complete the look. For a more casual event, a pair of slim-fit chinos and a comfortable
pair of sneakers would be a great choice."
gothic,"a small-framed, delicate woman",a business lunch,"The woman, a delicate and petite frame, is dressed in a dark, gothic-style ensemble. Her long, dark hair is
styled in loose waves, framing her face. She wears a tailored, black blazer with intricate silver buttons,
paired with a deep red velvet blouse. The blouse is tucked into a high-waisted, black pencil skirt, which
flares out at the knee. The ensemble is completed with black leather ankle boots, a silver necklace, and a
black, structured handbag. The woman's lunch meeting is held in a modern office setting, and her outfit is a
perfect mix of classic gothic style with modern business attire."
gothic,"a short, curvy man with a muscular build",a sports event,"The man stands tall and proud, his muscular build accentuated by his gothic attire. His dark, long hair is
styled in a messy fringe that frames his angular face. A black leather jacket with intricate silver studs is
paired with a deep red velvet shirt, the latter tucked into a pair of black skinny jeans. The jeans are
completed with black combat boots, adding to the overall gothic vibe. The man's accessories include a black
leather wristband and a silver necklace, both embellished with gothic charms. The outfit is completed with a
black leather belt, a black leather backpack, and a black leather wristlet. The man confidently strides onto
the sports field, ready to dominate the game."
sporty,"a small-framed, delicate woman",a fancy date,"The fashion-forward woman in the photo is dressed in a sporty yet chic ensemble. The black and white striped
top is paired with a pair of high-waisted, slim-fit black trousers. The top features a deep V-neck, which
accentuates the delicate neckline. The trousers are completed with a pair of black ankle boots. The woman's
hair is styled in a sleek, straight bob that frames her face. The look is completed with a black leather
handbag and silver hoop earrings. The outfit is perfect for a date night in a trendy restaurant or a night out
on the town."
sporty,"a short, curvy man with a muscular build",a cocktail party,"The fashion-forward man in a sporty outfit stands out at the cocktail party. He wears a white, slim-fit shirt
with a deep red, slim-fit blazer. The blazer features a subtle check pattern and a single breasted design. The
man pairs this with black dress pants and black leather dress shoes. The outfit is completed with a black
leather belt and a black leather watch. The man's hair is styled in a neat, short cut. The outfit is a perfect
blend of sporty and stylish."
casual,"a small-framed, delicate woman",a winter vacation,"The fashion outfit consists of a cozy, oversized, cream-colored sweater paired with a pair of slim-fit black
trousers and a pair of black ankle boots. The sweater features a round neckline and long sleeves, while the
trousers have a high waist and a slim fit. The boots are classic black ankle boots with a low block heel. The
outfit is completed with a black scarf and a black hat."
casual,"a short, curvy man with a muscular build",a winter vacation,"The fashion outfit for a curvy man with a muscular build can include a warm, cozy sweater in a neutral color,
paired with a pair of slim-fit jeans and a pair of comfortable sneakers. For a more formal look, a classic
wool blazer can be added over a dress shirt and a pair of dress shoes. Accessories such as a watch or a
leather belt can add a touch of elegance to the outfit."
bohemian,"a small-framed, delicate woman",a casual gathering,"The delicate woman in the bohemian outfit looks effortlessly chic and stylish. The earthy tones of the dress
and the accessories complement each other perfectly, creating a bohemian yet elegant look. The dress features
a sweetheart neckline, which accentuates the neckline and adds a touch of vintage charm. The dress is made of
a lightweight, breathable fabric that is perfect for a casual gathering. The delicate lace-up details on the
dress add a touch of bohemian flair. To complete the look, the woman accessorizes with a small pendant
necklace, a delicate bracelet, and a small, woven bag. The outfit is completed with a pair of comfortable,
block-heel sandals. The overall look is both feminine and bohemian, making the woman stand out in a crowd."
bohemian,"a short, curvy man with a muscular build",a job interview,"The fashion outfit consists of a bohemian-style, long-sleeve shirt in earthy tones, paired with a pair of
slim-fit, high-waisted trousers. The shirt features intricate embroidery or patterns, while the trousers have
a subtle, earthy-toned plaid pattern. The outfit is completed with a pair of brown leather dress shoes, a
vintage-style watch, and a leather belt. The overall look is one that exudes confidence and sophistication."
classic,"a small-framed, delicate woman",a bachelorette / bachelor party,"The delicate, petite woman in the classic style outfit is a vision to behold. The tailored, feminine blouse in
a rich, earthy hue is paired with a pleated skirt in a complementary hue. The ensemble is completed with a
pair of classic pumps in a neutral color. The woman's delicate features are accentuated by the classic
hairstyle, a side-parting with soft waves. The outfit is perfect for a bachelorette or bachelor party, where
the woman can feel confident and elegant in her classic style."
classic,"a short, curvy man with a muscular build",a night club,"The man walks into the night club, dressed in a classic style. His outfit consists of a black tailored suit, a
crisp white shirt, and a black tie. The suit is tailored to fit his muscular build, emphasizing his strong
frame. The man's hair is styled neatly, and he sports a classic side part. He wears black leather dress shoes,
completing the look. The man confidently strides through the club, his presence commanding attention."
gothic,"a small-framed, delicate woman",a bachelorette / bachelor party,"The delicate, petite woman in the gothic outfit is a vision to behold. The dark, rich colors of the velvet and
lace pieces are a perfect match for her small frame, and the intricate details of the corset and long skirt
accentuate her delicate features. The long, dark hair is styled in an elaborate updo, and the makeup is kept
minimal, with a bold eyeliner and pale lips. The outfit is completed with a pair of black ankle boots, which
add a touch of gothic flair to the otherwise elegant look."
gothic,"a short, curvy man with a muscular build",a concert,"The man stands tall and muscular, dressed in a black leather jacket with intricate silver studs along the
collar and sleeves. The jacket is paired with a white t-shirt, black jeans, and black combat boots. The man's
hair is styled in a messy undercut, framing his angular face. The ensemble is completed with a black leather
belt and a silver buckle, as well as a black leather backpack. The man's accessories include a black leather
wristwatch and a silver necklace with a pendant of a skull. The man's outfit is a perfect mix of gothic and
modern fashion, making him stand out in the crowd."
sporty,"a small-framed, delicate woman",a business lunch,"The delicate woman in the business lunch setting is dressed in a sporty yet chic ensemble. The ensemble
consists of a white blouse paired with a black pencil skirt, which is tucked into a pair of black ankle boots.
The blouse is adorned with a subtle yet elegant pattern, while the boots are embellished with a gold chain.
The woman accessorizes with a delicate gold necklace and a matching bracelet. The look is completed with a
black blazer, which is tailored to fit her small frame. The ensemble is a perfect mix of business and fashion,
making the woman look both confident and stylish."
sporty,"a short, curvy man with a muscular build",a beach,"The fashion outfit consists of a white and red striped shirt, paired with a pair of black shorts. The shirt
features a red and white striped collar, and the shorts have a red and white striped elasticated waistband.
The outfit is completed with a pair of black and white striped running shoes."
casual,"a small-framed, delicate woman",a wedding,"The delicate woman in the photo is wearing a light blue, collared shirt with a pair of black dress pants. The
shirt is tucked in, revealing a bit of her waist. The pants are slightly tapered, giving her a slim
silhouette. She accessorizes with a pair of black heels and a matching black handbag. Her hair is styled in
loose waves, framing her face. The overall look is chic and feminine, perfect for a wedding."
casual,"a short, curvy man with a muscular build",a birthday party,"The fashion-conscious man in the photo is wearing a casual outfit that is perfect for a birthday celebration.
The man is wearing a white t-shirt, a pair of dark-wash jeans, and a pair of black sneakers. The t-shirt is
tucked in, revealing a bit of the man's muscular build. The jeans are slightly loose, giving the outfit a
relaxed and comfortable vibe. The sneakers are classic black, with a modern twist, featuring a white sole. The
man is accessorized with a black leather watch and a silver necklace. The outfit is completed with a black
leather jacket, adding a layer of sophistication to the casual look."
bohemian,"a small-framed, delicate woman",a winter vacation,"The delicate, petite woman can pull off a bohemian look with ease. Start with a comfortable, oversized sweater
in a neutral color, paired with a pair of high-waisted, wide-leg trousers. A scarf or shawl can add an extra
layer of warmth and style. For footwear, go with a pair of ankle boots or loafers. Don't forget to accessorize
with a few delicate jewelry pieces, like a pendant necklace or a bracelet. The key is to keep the look
effortless and chic, with a focus on layering and texture."
bohemian,"a short, curvy man with a muscular build",a cocktail party,"The fashion-forward man in a bohemian style outfit looks effortlessly chic at a cocktail party. The man's
muscular build is highlighted by a tailored fit, which is achieved through a well-tailored blazer. The blazer
is paired with a crisp white shirt, which is tucked into a pair of slim-fit black trousers. The trousers are
completed with a pair of black leather dress shoes. The man's accessories include a silver watch and a leather
belt. The man's outfit is completed with a black fedora, which adds a touch of vintage charm to the ensemble."
classic,"a small-framed, delicate woman",a music festival,"The delicate woman in the photo is wearing a classic, feminine outfit that is perfect for a day at a music
festival. The ensemble consists of a white blouse with a Peter Pan collar, paired with a pleated skirt in a
pastel hue. The woman's hair is styled in a loose, retro updo that frames her face. She accessorizes with a
delicate gold necklace and a matching bracelet. The outfit is completed with a pair of vintage-style
sunglasses and a small leather handbag. The overall look is one of timeless elegance and femininity."
classic,"a short, curvy man with a muscular build",a sports event,"The gentleman stands tall and confident in his classic, timeless style. His tailored black blazer is paired
with a crisp white shirt and a slim-fit pair of black trousers. The gentleman's attire is completed with a
pair of black leather dress shoes. The gentleman's muscular build is accentuated by the classic, tailored fit
of his garments. The gentleman's outfit is perfect for a day at a sports event, where he can confidently strut
his stuff in style."
gothic,"a small-framed, delicate woman",a conference,"The delicate, petite woman in the conference room is dressed in a dark, gothic-style ensemble. Her long, dark
hair is styled in a loose, yet elegant updo. She dons a black velvet, high-necked dress with intricate lace
detailing, paired with a matching black velvet choker. The dress falls just above her knees, revealing a pair
of black leather knee-high boots. The ensemble is completed with a black velvet cape, adorned with silver
grommets and a deep red satin lining. The cape is draped elegantly over her shoulders, adding an extra layer
of sophistication to the already-stylish look."
gothic,"a short, curvy man with a muscular build",a bar,"The man walks into the bar, dressed in a dark, tailored suit with a long, black overcoat. His muscular build
is accentuated by the form-fitting cut of the suit. The man's hair is styled in a classic undercut, while his
beard is neatly trimmed. The man's eyes are framed by black metal frames, giving him a mysterious, yet
approachable look. The man's outfit is completed with a pair of black leather boots, adding to his overall
gothic aesthetic."
sporty,"a small-framed, delicate woman",a casual date,"The fashion outfit consists of a white, collared shirt paired with a pair of black, high-waisted trousers. The
shirt is tucked in, revealing a hint of the delicate woman's back. The trousers are tailored to fit her small
frame, emphasizing her feminine curves. The ensemble is completed with a pair of black, low-heeled pumps. The
look is styled with a black, wide-brimmed hat, which complements the sporty vibe. The outfit is perfect for a
casual date, where the woman can feel comfortable and confident in her own skin."
sporty,"a short, curvy man with a muscular build",a casual gathering,"The fashion-conscious short, curvy man with a muscular build can look stylish and sporty in this casual
outfit. Start with a white tee and pair it with a pair of black track pants. Add a pop of color with a bright-
colored track jacket. For a more formal look, swap the track pants for dress pants and add a dress shirt. To
complete the look, add a pair of black sneakers and a leather watch."
casual,"a small-framed, delicate woman",a nature retreat,"The delicate, petite woman steps out of her cabin at the nature retreat, dressed in a comfortable, casual
outfit. Her long, wavy hair falls in loose waves around her face, framing her heart-shaped face. She wears a
soft, cream-colored sweater with a subtle pattern, paired with a pair of dark-wash skinny jeans and a pair of
cozy, taupe ankle boots. A simple necklace adds a touch of elegance to her look, while a small backpack
complements her outfit. The serene nature surrounding her provides the perfect backdrop for her stylish, yet
practical outfit."
casual,"a short, curvy man with a muscular build",a beach,"The fashion outfit consists of a white t-shirt, a pair of black shorts, and a pair of black sneakers. The
t-shirt is a relaxed fit and features a round neckline. The shorts have a drawstring waist and are made of
lightweight, breathable fabric. The sneakers are a classic pair of black canvas shoes with white accents. The
outfit is completed with a black baseball cap."
bohemian,"a small-framed, delicate woman",a birthday party,"The delicate woman in the bohemian style outfit looks like a bohemian dream come true. The outfit consists of
a white blouse with lace detailing, paired with a floral print skirt that flares out at the bottom. The skirt
is accompanied by a brown leather belt, which accentuates the waist. A pair of brown leather ankle boots
completes the look, adding a touch of bohemian flair. The woman's hair is styled in loose waves, framing her
delicate face. The overall vibe of the outfit is one of effortless elegance and bohemian charm."
bohemian,"a short, curvy man with a muscular build",a casual date,"The fashion outfit for a curvy man with a muscular build at a casual date can include a bohemian-style shirt
in earthy tones, paired with a pair of slim-fit jeans. The shirt can be tucked in to highlight the man's
muscular build. A leather belt can complete the look, along with a pair of brown leather shoes. For a more
casual look, a leather jacket can be added over the shirt. The jacket can be left open to showcase the man's
muscular build. The outfit can be accessorized with a leather watch and a leather bracelet."
classic,"a small-framed, delicate woman",a beach,"The delicate woman stands tall on the beach, her small frame perfectly proportioned with the classic style she
sports. Her hair is styled in a soft, loose waves that cascade down her back, framing her face. She wears a
simple white blouse, paired with a classic black skirt that falls just above her knees. The skirt is
accompanied by a pair of black heels, completing the classic look. The woman's accessories are minimal, with a
simple necklace and a single bracelet. The outfit is a perfect mix of classic and modern, making the woman
stand out in a crowd."
classic,"a short, curvy man with a muscular build",a music festival,"The fashion-conscious man stands tall and confident in his classic style outfit. His tailored black blazer is
paired with a crisp white shirt, a slim-fit black tie, and black dress shoes. The man's muscular build is
accentuated by the black blazer, which is cinched at the waist to create a streamlined silhouette. The man's
dark hair is styled neatly, and his facial features are framed by a pair of black sunglasses. The man's outfit
is completed with a pair of black leather dress shoes, which are polished to a shine. The man confidently
strides through the music festival, turning heads with his timeless style."
gothic,"a small-framed, delicate woman",a business lunch,"The woman, a delicate and petite frame, is dressed in a dark, gothic-style ensemble. Her long, dark hair is
styled in loose waves, framing her face. She wears a tailored, black blazer with intricate silver buttons,
paired with a deep red velvet blouse. The blouse is tucked into a high-waisted, black pencil skirt, which
flares out at the knee. The ensemble is completed with black leather ankle boots, a silver necklace, and a
black, structured handbag. The woman's lunch meeting is held in a modern office setting, and her outfit is a
perfect mix of classic gothic style with modern business attire."
gothic,"a short, curvy man with a muscular build",a work / office event,"The fashion outfit consists of a black tailored suit with a red and black striped tie, a white dress shirt,
and black dress shoes. The suit is tailored to fit the man's muscular build, while the striped tie adds a
touch of gothic style. The white dress shirt is tucked in, showcasing the man's muscular build. The black
dress shoes complete the look, with the red and black striped tie being the focal point. The outfit is perfect
for a formal work or office event, while still maintaining a gothic aesthetic."
sporty,"a small-framed, delicate woman",a sports event,"The delicate woman in the image is wearing a black and white striped top with a pair of black and white
striped shorts. The top is tucked in to reveal a pair of white sneakers. The woman is also wearing a black and
white striped headband to complete the sporty look. The outfit is perfect for attending a sports event or
running errands in a casual yet chic manner."
sporty,"a short, curvy man with a muscular build",a bar,"The man is dressed in a black and white checkered shirt, paired with a pair of black track pants. The track
pants have a drawstring waist, and the man wears a pair of black and white sneakers. The man's hair is styled
in a short, neat cut that frames his face. The man is wearing a black and white checkered scarf, which is
knotted around his neck. The man is holding a black and white checkered scarf in his hand, which he uses to
tie back his hair. The man is also wearing a black and white checkered beanie, which is pulled down low on his
head. The man is sitting at a bar, sipping on a drink and enjoying the atmosphere."
casual,"a small-framed, delicate woman",a fancy date,"The delicate woman in the photo is wearing a light blue, semi-formal dress with a subtle pattern. The dress is
paired with a pair of black heels, which elongate her frame. The dress is cinched at the waist with a belt,
giving her an hourglass shape. The woman's hair is styled in loose waves, framing her face. She accessorizes
with a delicate necklace and a small, gold bracelet. The overall look is chic and feminine, perfect for a date
night."
casual,"a short, curvy man with a muscular build",a picnic,"The fashion outfit for a curvy man with a muscular build at a picnic can be a combination of a light-colored
shirt, a pair of dark-colored chinos, and a pair of comfortable sneakers. The shirt should be tucked in to the
pants and left untucked for a more casual look. The chinos should fit snugly but not be too tight. The
sneakers should be stylish and comfortable, preferably in a neutral color. Accessories such as a watch or a
bracelet can add to the overall look."
bohemian,"a small-framed, delicate woman",a fancy date,"The delicate woman in the bohemian outfit looks effortlessly chic and charming. The earthy tones of the dress
and the accessories complement each other perfectly, while the lace-up boots add a touch of edge. The bohemian
style is completed with a delicate scarf that ties around the neck, adding a touch of elegance to the overall
look."
bohemian,"a short, curvy man with a muscular build",a casual date,"The fashion outfit for a curvy man with a muscular build at a casual date can include a bohemian-style shirt
in earthy tones, paired with a pair of slim-fit jeans. The shirt can be tucked in to highlight the man's
muscular build. A leather belt can complete the look, along with a pair of brown leather shoes. For a more
casual look, a leather jacket can be added over the shirt. The jacket can be left open to showcase the man's
muscular build. The outfit can be accessorized with a leather watch and a leather bracelet."
classic,"a small-framed, delicate woman",a winter vacation,"The delicate woman in the winter vacation outfit is adorned with a classic, timeless style. The ensemble
consists of a tailored, knee-length coat in a rich, neutral color, paired with a soft, feminine scarf. The
coat is accompanied by a pair of classic, round-toed ankle boots, which are embellished with a delicate lace-
up design. The woman's hair is styled in a classic updo, held in place with a delicate, pearl-encrusted clip.
The outfit is completed with a pair of classic, round-framed glasses, and a small, elegant handbag. The
woman's delicate features are accentuated by the classic, timeless style, making her the perfect embodiment of
elegance and sophistication."
classic,"a short, curvy man with a muscular build",a national parks,"The fashion outfit consists of a classic, tailored blazer in a rich, earthy color, paired with a crisp white
shirt and a pair of slim-fit, dark-wash jeans. The blazer features a single button and a pair of slanted side
pockets. The shirt has a subtle check pattern and a classic collar. The jeans are a modern fit, with a high
waist and tapering to the ankle. The outfit is completed with a pair of classic leather dress shoes."
gothic,"a small-framed, delicate woman",a play / concert,"The delicate woman in the gothic outfit stands out from the crowd. Her dark, intricately braided hair frames
her face, while her long, flowing black dress with intricate lace detailing accentuates her small frame. The
ensemble is completed with a pair of black ankle boots, a black choker necklace, and a black leather jacket.
The woman's delicate features are enhanced by the gothic makeup, which includes dark eyeliner, pale skin, and
a deep red lipstick. The outfit is perfect for a gothic-inspired performance or a night out at a concert."
gothic,"a short, curvy man with a muscular build",a birthday party,"The fashion outfit for the gothic-style birthday party would consist of a black tailored suit with a white
dress shirt, a black tie, and black dress shoes. The tailored suit would be a classic fit with a modern twist,
featuring a slim fit and a high waist. The black dress shirt would be a classic Oxford style, with a white
dress shirt underneath. The black tie would be a classic silk tie, and the black dress shoes would be a pair
of black leather dress shoes with a low block heel. The look would be completed with a black leather dress
belt and a black leather dress watch. The outfit would be perfect for a stylish and modern gothic look."
sporty,"a small-framed, delicate woman",a wedding,"The bride's mother, a petite woman, is attending a wedding with her daughter. She wants to look stylish and
chic, but also comfortable and age-appropriate. She chooses a black and white striped dress with a pleated
neckline, paired with a white blazer and black heels. The dress is accessorized with a black and white scarf,
a black handbag, and a pair of black earrings. The outfit is completed with a black fascinator, which
complements the black and white theme."
sporty,"a short, curvy man with a muscular build",a night club,"The fashion outfit consists of a black, slim-fit, long-sleeve t-shirt, paired with a pair of black, slim-fit,
low-rise pants. The t-shirt features a white, embroidered logo of a sports team or a logo of a sports brand.
The pants have a drawstring waist, and the legs taper down to a narrow hem. The outfit is completed with
black, low-top sneakers. The man's muscular build is accentuated by the slim-fit, form-fitting design of the
outfit. The outfit is perfect for a night out at a trendy, modern club."
casual,"a small-framed, delicate woman",a business meeting,"The delicate woman in the business meeting looks chic and stylish in a casual ensemble. She wears a black
collared blouse tucked into a pair of slim-fit black trousers. The trousers are accompanied by a pair of black
ankle boots with a block heel. A black blazer completes the look, adding a touch of elegance to the otherwise
casual outfit."
casual,"a short, curvy man with a muscular build",a concert,"The fashion-conscious short, curvy man with a muscular build looks stylish and confident in a casual ensemble.
He wears a black t-shirt with a graphic print, paired with a pair of slim-fit black jeans. The jeans are
tucked into his black leather boots, which are completed with a matching black leather belt. A black leather
jacket completes the look, adding a layer of sophistication to the ensemble."
